url_path,views_total,views_unique
/Inria-NERV/happyFeat,7,5
/Inria-NERV/happyFeat/blob/main/happyfeat/lib/Spectral_Analysis.py,1,1
/Inria-NERV/happyFeat/blob/main/happyfeat/lib/Statistical_analysis.py,1,1
/Inria-NERV/happyFeat/blob/main/happyfeat/lib/featureExtractUtils.py,1,1
/Inria-NERV/happyFeat/blob/main/happyfeat/lib/mergeRuns.py,1,1
/Inria-NERV/happyFeat/graphs/commit-activity,1,1
/Inria-NERV/happyFeat/tree/main/docs,1,1
/Inria-NERV/happyFeat/tree/main/happyfeat,1,1
/Inria-NERV/happyFeat/tree/main/happyfeat/lib,1,1
